"Feature Type","Version","Status","Launch Date","Latest Date","Change"
"add_gb_builtaddress","1.0","Maintenance","02 November 2022","Ongoing","Initial launch of the Built Address Feature Type."
"add_gb_builtaddress","2.0","Maintenance","28 March 2023","Ongoing","Major version increment adding new attribution for Full Address, Alternate Language Full Address, Lowest Floor Level, Highest Floor Level, Primary Classification Description, Secondary Classification Description, Tertiary Classification Description and Quaternary Classification Description."
"add_gb_builtaddress","3.0","Latest","30 September 2025","Ongoing","Major version increment implementing the following changes:<ul><li>Extended the max length of the Postcode Source, Full Address, Alternate Language Full Address, Sub Name, Alternate Language Sub Name and Build Status attributes.</li><li>Modified the associated code lists for the Description, Positional Accuracy and Postcode Source attributes.</li><li>Added download filters for Primary Classification Description, Secondary Classification Description, and Tertiary Classification Description attributes.</li><li>New associated code lists added to the Classification Code, Classification Description, Primary Classification Description, Secondary Classification Description, Tertiary Classification Description and Quaternary Classification Description attributes.</li></ul>"
"add_gb_historicaddress","1.0","Maintenance","02 November 2022","Ongoing","Initial launch of the Historic Address Feature Type."
"add_gb_historicaddress","2.0","Maintenance","28 March 2023","Ongoing","Major version increment adding new attribution for Full Address, Alternate Language Full Address, Lowest Floor Level, Highest Floor Level, Primary Classification Description, Secondary Classification Description, Tertiary Classification Description and Quaternary Classification Description."
"add_gb_historicaddress","3.0","Latest","30 September 2025","Ongoing","Major version increment implementing the following changes:<ul><li>Extended the max length of the Postcode Source, Full Address, Alternate Language Full Address, Sub Name, Alternate Language Sub Name and Build Status attributes.</li><li>Modified the associated code lists for the Description, Positional Accuracy and Postcode Source attributes.</li><li>Added download filters for Primary Classification Description, Secondary Classification Description, and Tertiary Classification Description attributes.</li><li>New associated code lists added to the Classification Code, Classification Description, Primary Classification Description, Secondary Classification Description, Tertiary Classification Description and Quaternary Classification Description attributes.</li></ul>"
"add_gb_nonaddressableobject","1.0","Maintenance","02 November 2022","Ongoing","Initial launch of the Non-Addressable Object Feature Type."
"add_gb_nonaddressableobject","2.0","Maintenance","28 March 2023","Ongoing","Major version increment adding new attribution for Full Address, Alternate Language Full Address, Lowest Floor Level, Highest Floor Level, Primary Classification Description, Secondary Classification Description, Tertiary Classification Description and Quaternary Classification Description."
"add_gb_nonaddressableobject","3.0","Latest","30 September 2025","Ongoing","Major version increment implementing the following changes:<ul><li>Extended the max length of the Postcode Source, Full Address, Alternate Language Full Address, Sub Name, Alternate Language Sub Name and Build Status attributes.</li><li>Modified the associated code lists for the Description, Positional Accuracy and Postcode Source attributes.</li><li>Added download filters for Primary Classification Description, Secondary Classification Description, and Tertiary Classification Description attributes.</li><li>New associated code lists added to the Classification Code, Classification Description, Primary Classification Description, Secondary Classification Description, Tertiary Classification Description and Quaternary Classification Description attributes.</li></ul>"
"add_gb_prebuildaddress","1.0","Maintenance","02 November 2022","Ongoing","Initial launch of the Pre-Build Address Feature Type."
"add_gb_prebuildaddress","2.0","Maintenance","28 March 2023","Ongoing","Major version increment adding new attribution for Full Address, Alternate Language Full Address, Lowest Floor Level, Highest Floor Level, Primary Classification Description, Secondary Classification Description, Tertiary Classification Description and Quaternary Classification Description."
"add_gb_prebuildaddress","3.0","Latest","30 September 2025","Ongoing","Major version increment implementing the following changes:<ul><li>Extended the max length of the Postcode Source, Full Address, Alternate Language Full Address, Sub Name, Alternate Language Sub Name and Build Status attributes.</li><li>Modified the associated code lists for the Description, Positional Accuracy and Postcode Source attributes.</li><li>Added download filters for Primary Classification Description, Secondary Classification Description, and Tertiary Classification Description attributes.</li><li>New associated code lists added to the Classification Code, Classification Description, Primary Classification Description, Secondary Classification Description, Tertiary Classification Description and Quaternary Classification Description attributes.</li></ul>"
"add_gb_royalmailaddress","1.0","Latest","30 September 2025","Ongoing","Initial launch of the Royal Mail Address Feature Type."
"add_gb_streetaddress","1.0","Latest","02 November 2022","Ongoing","Initial launch of the Street Address Feature Type."
"add_isl_builtaddress","1.0","Maintenance","02 November 2022","Ongoing","Initial launch of the Built Address Feature Type."
"add_isl_builtaddress","2.0","Maintenance","28 March 2023","Ongoing","Major version increment adding new attribution for Full Address, Alternate Language Full Address, Lowest Floor Level, Highest Floor Level, Primary Classification Description, Secondary Classification Description, Tertiary Classification Description and Quaternary Classification Description."
"add_isl_builtaddress","3.0","Latest","30 September 2025","Ongoing","Major version increment implementing the following changes:<ul><li>Extended the max length of the Postcode Source, Full Address, Alternate Language Full Address, Sub Name, Alternate Language Sub Name and Build Status attributes.</li><li>Modified the associated code lists for the Description, Positional Accuracy and Postcode Source attributes.</li><li>Added download filters for Primary Classification Description, Secondary Classification Description, and Tertiary Classification Description attributes.</li><li>New associated code lists added to the Classification Code, Classification Description, Primary Classification Description, Secondary Classification Description, Tertiary Classification Description and Quaternary Classification Description attributes.</li></ul>"
"add_isl_historicaddress","1.0","Maintenance","02 November 2022","Ongoing","Initial launch of the Historic Address Feature Type."
"add_isl_historicaddress","2.0","Maintenance","28 March 2023","Ongoing","Major version increment adding new attribution for Full Address, Alternate Language Full Address, Lowest Floor Level, Highest Floor Level, Primary Classification Description, Secondary Classification Description, Tertiary Classification Description and Quaternary Classification Description."
"add_isl_historicaddress","3.0","Latest","30 September 2025","Ongoing","Major version increment implementing the following changes:<ul><li>Extended the max length of the Postcode Source, Full Address, Alternate Language Full Address, Sub Name, Alternate Language Sub Name and Build Status attributes.</li><li>Modified the associated code lists for the Description, Positional Accuracy and Postcode Source attributes.</li><li>Added download filters for Primary Classification Description, Secondary Classification Description, and Tertiary Classification Description attributes.</li><li>New associated code lists added to the Classification Code, Classification Description, Primary Classification Description, Secondary Classification Description, Tertiary Classification Description and Quaternary Classification Description attributes.</li></ul>"
"add_isl_nonaddressableobject","1.0","Maintenance","02 November 2022","Ongoing","Initial launch of the Non-Addressable Object Feature Type."
"add_isl_nonaddressableobject","2.0","Maintenance","28 March 2023","Ongoing","Major version increment adding new attribution for Full Address, Alternate Language Full Address, Lowest Floor Level, Highest Floor Level, Primary Classification Description, Secondary Classification Description, Tertiary Classification Description and Quaternary Classification Description."
"add_isl_nonaddressableobject","3.0","Latest","30 September 2025","Ongoing","Major version increment implementing the following changes:<ul><li>Extended the max length of the Postcode Source, Full Address, Alternate Language Full Address, Sub Name, Alternate Language Sub Name and Build Status attributes.</li><li>Modified the associated code lists for the Description, Positional Accuracy and Postcode Source attributes.</li><li>Added download filters for Primary Classification Description, Secondary Classification Description, and Tertiary Classification Description attributes.</li><li>New associated code lists added to the Classification Code, Classification Description, Primary Classification Description, Secondary Classification Description, Tertiary Classification Description and Quaternary Classification Description attributes.</li></ul>"
"add_isl_prebuildaddress","1.0","Maintenance","02 November 2022","Ongoing","Initial launch of the Pre-Build Address Feature Type."
"add_isl_prebuildaddress","2.0","Maintenance","28 March 2023","Ongoing","Major version increment adding new attribution for Full Address, Alternate Language Full Address, Lowest Floor Level, Highest Floor Level, Primary Classification Description, Secondary Classification Description, Tertiary Classification Description and Quaternary Classification Description."
"add_isl_prebuildaddress","3.0","Latest","30 September 2025","Ongoing","Major version increment implementing the following changes:<ul><li>Extended the max length of the Postcode Source, Full Address, Alternate Language Full Address, Sub Name, Alternate Language Sub Name and Build Status attributes.</li><li>Modified the associated code lists for the Description, Positional Accuracy and Postcode Source attributes.</li><li>Added download filters for Primary Classification Description, Secondary Classification Description, and Tertiary Classification Description attributes.</li><li>New associated code lists added to the Classification Code, Classification Description, Primary Classification Description, Secondary Classification Description, Tertiary Classification Description and Quaternary Classification Description attributes.</li></ul>"
"add_isl_royalmailaddress","1.0","Latest","30 September 2025","Ongoing","Initial launch of the Royal Mail Address Feature Type."
"add_isl_streetaddress","1.0","Latest","02 November 2022","Ongoing","Initial launch of the Street Address Feature Type."
"asu_bdy_boundaryhighwatermark","1.0","End Of Life","29 September 2022","27 July 2025","Initial launch of the Boundary High Water Mark Feature Type."
"asu_bdy_boundaryhighwatermark","1.1","Latest","28 July 2025","Ongoing","Minor version increment that removes the query and download filters from the Description attribute as this attribute supports only a single value."
"asu_bdy_ceremonialcounty","1.0","Latest","29 September 2022","Ongoing","Initial launch of the Ceremonial County Feature Type."
"asu_bdy_country","1.0","End Of Life","29 September 2022","27 July 2025","Initial launch of the Country Feature Type."
"asu_bdy_country","1.1","Latest","28 July 2025","Ongoing","Minor version increment that removes the query and download filters from the Description attribute as this attribute supports only a single value."
"asu_bdy_devolvedparliamentconstituency","1.0","End Of Life","29 September 2022","30 April 2026","Initial launch of the Devolved Parliament Constituency Feature Type."
"asu_bdy_devolvedparliamentconstituency","1.1","Latest","01 May 2026","Ongoing","Minor version increment to make Boundary Parent Reference ID, Boundary Parent Reference Feature Type, Boundary Parent Reference Classification and Boundary Parent Reference Name 1 Text attributes nullable in line with boundary changes in Wales."
"asu_bdy_devolvedparliamentelectoralregion","1.0","Latest","29 September 2022","Ongoing","Initial launch of the Devolved Parliament Electoral Region Feature Type."
"asu_bdy_electoraldivision","1.0","Latest","29 September 2022","Ongoing","Initial launch of the Electoral Division Feature Type."
"asu_bdy_glaassemblyconstituency","1.0","End Of Life","29 September 2022","27 July 2025","Initial launch of the GLA Assembly Constituency Feature Type."
"asu_bdy_glaassemblyconstituency","1.1","Latest","28 July 2025","Ongoing","Minor version increment that removes the query and download filters from the Description attribute as this attribute supports only a single value."
"asu_bdy_historiccounty","1.0","End Of Life","29 September 2022","27 July 2025","Initial launch of the Historic County Feature Type."
"asu_bdy_historiccounty","1.1","Latest","28 July 2025","Ongoing","Minor version increment that removes the query and download filters from the Description attribute as this attribute supports only a single value."
"asu_bdy_historiceuropeanregion","1.0","End Of Life","29 September 2022","27 July 2025","Initial launch of the Historic European Region Feature Type."
"asu_bdy_historiceuropeanregion","1.1","Latest","28 July 2025","Ongoing","Minor version increment that removes the query and download filters from the Description attribute as this attribute supports only a single value."
"asu_bdy_lowertierlocalauthority","1.0","Latest","29 September 2022","Ongoing","Initial launch of the Lower Tier Local Authority Feature Type."
"asu_bdy_parishorcommunity","1.0","Latest","29 September 2022","Ongoing","Initial launch of the Parish Or Community Feature Type."
"asu_bdy_pollingdistrict","1.0","Latest","29 September 2022","Ongoing","Initial launch of the Polling District Feature Type."
"asu_bdy_region","1.0","Latest","29 September 2022","Ongoing","Initial launch of the Region Feature Type."
"asu_bdy_regionalauthority","1.0","End Of Life","29 September 2022","27 July 2025","Initial launch of the Regional Authority Feature Type."
"asu_bdy_regionalauthority","1.1","Latest","28 July 2025","Ongoing","Minor version increment that removes the query and download filters from the Description attribute as this attribute supports only a single value."
"asu_bdy_uppertierlocalauthority","1.0","Latest","29 September 2022","Ongoing","Initial launch of the Upper Tier Local Authority Feature Type."
"asu_bdy_ward","1.0","Latest","29 September 2022","Ongoing","Initial launch of the Ward Feature Type."
"asu_bdy_westminsterconstituency","1.0","Latest","29 September 2022","Ongoing","Initial launch of the Westminster Constituency Feature Type."
"asu_funcarea_retailareaaggregated","1.0","Latest","26 March 2026","Ongoing","Initial launch of the Retail Area Aggregated Feature Type."
"asu_funcarea_retailareamajor","1.0","Latest","26 March 2026","Ongoing","Initial launch of the Retail Area Major Feature Type."
"asu_funcarea_retailareaminor","1.0","Latest","26 March 2026","Ongoing","Initial launch of the Retail Area Minor Feature Type."
"asu_gbpcd_postcodeunitarea","1.0","Latest","20 February 2026","Ongoing","Initial launch of the Postcode Unit Area Feature Type."
"asu_gbpcd_postcodeunitpoint","1.0","End Of Life","20 February 2026","06 April 2026","Initial launch of the Postcode Unit Point Feature Type."
"asu_gbpcd_postcodeunitpoint","1.1","Latest","07 April 2026","Ongoing","Schema update to the coordinate reference system and storage coordinate reference system URLs."
"asu_nipcd_postcodeunitpoint","1.0","End Of Life","20 February 2026","06 April 2026","Initial launch of the Postcode Unit Point Feature Type."
"asu_nipcd_postcodeunitpoint","1.1","Latest","07 April 2026","Ongoing","Schema update to the crs and storage crs URLs."
"bld_fts_building","1.0","End Of Life","27 September 2023","02 April 2025","Initial launch of the Building Feature Type."
"bld_fts_building","1.1","End Of Life","03 April 2025","11 March 2026","Max Length removed from UPRN attribute (within the UPRN Reference cross reference table that maps Address to Building) as it is not relevant for the number or integer data types provided for this attribute."
"bld_fts_building","1.2","Maintenance","12 March 2026","Ongoing","Minor version increment. Update to the definitions for the Building Use Address Count Total, Building Use Address Count Residential, Building Use Address Count Commercial and Building Use Address Count Other attributes to change 'built in use' to 'built complete' to align with the updated label in v2.0 of the Build Status Value Code List."
"bld_fts_building","2.0","End Of Life","27 March 2024","11 March 2026","Major version increment adding new Description, Construction Material, Building Age, and Basement Presence attribution."
"bld_fts_building","2.1","Maintenance","12 March 2026","Ongoing","Minor version increment. Update to the definitions for the Building Use Address Count Total, Building Use Address Count Residential, Building Use Address Count Commercial and Building Use Address Count Other attributes to change 'built in use' to 'built complete' to align with the updated label in v2.0 of the Build Status Value Code List."
"bld_fts_building","3.0","End Of Life","25 September 2024","11 March 2026","Major version increment adding new Number Of Floors attribution and amending the names of some existing attributes."
"bld_fts_building","3.1","Maintenance","12 March 2026","Ongoing","Minor version increment. Update to the definitions for the Building Use Address Count Total, Building Use Address Count Residential, Building Use Address Count Commercial and Building Use Address Count Other attributes to change 'built in use' to 'built complete' to align with the updated label in v2.0 of the Build Status Value Code List."
"bld_fts_building","4.0","End Of Life","27 March 2025","11 March 2026","Major version increment adding new Height metadata, Physical State, Roof Material, and Roof Shape Aspect attribution."
"bld_fts_building","4.1","Latest","12 March 2026","Ongoing","Minor version increment. Update to the definitions for the Building Use Address Count Total, Building Use Address Count Residential, Building Use Address Count Commercial and Building Use Address Count Other attributes to change 'built in use' to 'built complete' to align with the updated label in v2.0 of the Build Status Value Code List."
"bld_fts_buildingaccesslocation","1.0","End Of Life","27 March 2025","26 April 2026","Initial launch of the Building Access Location Feature Type."
"bld_fts_buildingaccesslocation","1.1","Latest","27 April 2026","Ongoing","Minor version increment. Update to Access Obstruction attribute's max length from 20 to 30. Clarified documentation to specify the handling of multiple obstruction values."
"bld_fts_buildingline","1.0","Latest","29 September 2022","Ongoing","Initial launch of the Building Line Feature Type."
"bld_fts_buildingpart","1.0","End Of Life","29 September 2022","16 July 2025","Initial launch of the Building Part Feature Type."
"bld_fts_buildingpart","1.1","Maintenance","17 July 2025","Ongoing","Minor version increment. Update to OS Land Cover Tier A attribute's max length from 15 to 20 and OS Land Cover Tier B attribute's max length from 25 to 20.<br>New value (Under Construction) added to Building Part Land Cover Tier A Value and Building Part Land Cover Tier B Value Code Lists."
"bld_fts_buildingpart","2.0","End Of Life","25 September 2024","26 March 2025","Major version increment adding new Land Use attribution, NLUD attribution and a cross-reference table to Site.<br>New value added to the Building Part Description Value Code List for Building Under Construction."
"bld_fts_buildingpart","2.1","End Of Life","27 March 2025","16 July 2025","Minor version increment. Update to Status attribute length from 10 to 20 to allow for 'Under Construction'."
"bld_fts_buildingpart","2.2","Latest","17 July 2025","Ongoing","Minor version increment. Update to OS Land Cover Tier A attribute's max length from 15 to 20 and OS Land Cover Tier B attribute's max length from 25 to 20.<br>New value (Under Construction) added to Building Part Land Cover Tier A Value and Building Part Land Cover Tier B Value Code Lists."
"gnm_fts_crowdsourcednamepoint","1.0","Latest","27 March 2025","Ongoing","Initial launch of the Crowd Sourced Name Point Feature Type."
"gnm_fts_namedarea","1.0","Latest","29 September 2022","Ongoing","Initial launch of the Named Area Feature Type."
"gnm_fts_namedpoint","1.0","Latest","29 September 2022","Ongoing","Initial launch of the Named Point Feature Type."
"gnm_fts_namedroadjunction","1.0","Latest","27 March 2024","Ongoing","Initial launch of the Named Road Junction Feature Type."
"lnd_fts_land","1.0","End Of Life","29 September 2022","10 May 2026","Initial launch of the Land Feature Type."
"lnd_fts_land","1.1","Maintenance","11 May 2026","Ongoing","Minor version increment. Updates made to the Land Description Value Code List (now on v2.0) to indicate two deprecated values no longer in the data."
"lnd_fts_land","2.0","End Of Life","27 March 2024","10 May 2026","Major version increment adding the Habitat Coverage cross-reference table."
"lnd_fts_land","2.1","Maintenance","11 May 2026","Ongoing","Minor version increment. Updates made to the Land Description Value Code List (now on v2.0) to indicate two deprecated values no longer in the data."
"lnd_fts_land","3.0","End Of Life","25 September 2024","26 March 2025","Major version increment adding new Land Use attribution, NLUD attribution and a cross-reference table to Site."
"lnd_fts_land","3.1","End Of Life","27 March 2025","26 September 2025","Minor version increment. Update to Status attribute length from 10 to 20 to allow for 'Under Construction'."
"lnd_fts_land","3.2","End Of Life","27 September 2025","10 May 2026","Minor version increment. Update to schema to make Containing Site Count and Lower Tier Local Authority Count attributes nullable."
"lnd_fts_land","3.3","Latest","11 May 2026","Ongoing","Minor version increment. Updates made to the Land Description Value Code List (now on v2.0) to indicate two deprecated values no longer in the data."
"lnd_fts_landform","1.0","Latest","29 September 2022","Ongoing","Initial launch of the Landform Feature Type."
"lnd_fts_landformline","1.0","Latest","29 September 2022","Ongoing","Initial launch of the Landform Line Feature Type."
"lnd_fts_landformpoint","1.0","Latest","29 September 2022","Ongoing","Initial launch of the Landform Point Feature Type."
"lnd_fts_landpoint","1.0","Latest","29 September 2022","Ongoing","Initial launch of the Land Point Feature Type."
"lus_fts_site","1.0","End Of Life","04 October 2022","13 February 2025","Initial launch of the Site Feature Type."
"lus_fts_site","1.1","End Of Life","14 February 2025","26 March 2025","Minor version increment that updates the case of two code list values (Public Waste Disposal Site and Education Support Site) within the Site Description Value Code List from sentence case to title case."
"lus_fts_site","1.2","End Of Life","27 March 2025","26 September 2025","Minor version increment that adds Beach, Military Training Area, and Wind Farm to the Site Description Value Code List."
"lus_fts_site","1.3","Maintenance","27 September 2025","Ongoing","Minor version increment that adds Derelict Site to the Site Description Value Code List."
"lus_fts_site","2.0","End Of Life","25 September 2024","13 February 2025","Major version increment adding new address, NLUD, Main Building ID, and Status attribution, as well as a cross reference table to Address."
"lus_fts_site","2.1","End Of Life","14 February 2025","26 March 2025","Minor version increment that removes Derelict Site from the Site Description Value Code List."
"lus_fts_site","2.2","End Of Life","27 March 2025","26 September 2025","Minor version increment that adds Beach, Military Training Area, and Wind Farm to the Site Description Value Code List."
"lus_fts_site","2.3","Latest","27 September 2025","Ongoing","Minor version increment that adds Derelict Site to the Site Description Value Code List."
"lus_fts_siteaccesslocation","1.0","End Of Life","03 October 2022","27 July 2025","Initial launch of the Site Access Location Feature Type."
"lus_fts_siteaccesslocation","1.1","Maintenance","28 July 2025","Ongoing","Minor version increment that removes the query and download filters from the Description attribute as this attribute supports only a single value."
"lus_fts_siteaccesslocation","2.0","Latest","27 March 2025","Ongoing","Major version increment adding new Access Purpose, Accessed Network Node Feature Type, Accessed Network Node ID, and Distance To Network Node attribution."
"lus_fts_siteroutingpoint","1.0","End Of Life","03 October 2022","25 April 2023","Initial launch of the Site Routing Point Feature Type."
"str_fts_compoundstructure","1.0","End Of Life","29 September 2022","24 September 2024","Initial launch of the Compound Structure Feature Type."
"str_fts_compoundstructure","1.1","Maintenance","25 September 2024","Ongoing","Minor version increment adding classification values for Tunnels."
"str_fts_compoundstructure","2.0","Maintenance","25 September 2024","Ongoing","Major version increment adding new Network Over attribution, Network Under attribution and classification values for Tunnels."
"str_fts_compoundstructure","3.0","Latest","26 March 2026","Ongoing","Major version increment adding a Related Entity Related Component; adding Geometry Capture Method and Description Capture Method attribution; retiring the four Name Source attributes, and retiring the Geometry Source and Description Source attributes. Operational Status attribute was renamed to Status, and the attribute length was changed from 10 to 20 to allow for 'Under Construction'."
"str_fts_fieldboundary","1.0","Latest","27 March 2024","Ongoing","Initial launch of the Filed Boundary Feature Type."
"str_fts_structure","1.0","Maintenance","29 September 2022","Ongoing","Initial launch of the Structure Feature Type."
"str_fts_structure","2.0","Maintenance","27 March 2024","Ongoing","Major version increment adding the Habitat Coverage cross-reference table."
"str_fts_structure","3.0","End Of Life","25 September 2024","26 March 2025","Major version increment adding new Land Use attribution, NLUD attribution and a cross-reference table to Site."
"str_fts_structure","3.1","Latest","27 March 2025","Ongoing","Minor version increment. Update to Status attribute length from 10 to 20 to allow for 'Under Construction'."
"str_fts_structureline","1.0","Latest","29 September 2022","Ongoing","Initial launch of the Structure Line Feature Type."
"str_fts_structurepoint","1.0","Latest","29 September 2022","Ongoing","Initial launch of the Structure Point Feature Type."
"trn_fts_cartographicraildetail","1.0","Latest","29 September 2022","Ongoing","Initial launch of the Cartographic Rail Detail Feature Type."
"trn_fts_rail","1.0","Maintenance","29 September 2022","Ongoing","Initial launch of the Rail Feature Type."
"trn_fts_rail","2.0","Maintenance","27 March 2024","Ongoing","Major version increment adding the Habitat Coverage cross-reference table."
"trn_fts_rail","3.0","End Of Life","25 September 2024","26 March 2025","Major version increment adding new Land Use attribution, NLUD attribution and a cross-reference table to Site."
"trn_fts_rail","3.1","Latest","27 March 2025","Ongoing","Minor version increment. Update to Status attribute length from 10 to 20 to allow for 'Under Construction'."
"trn_fts_roadline","1.0","Latest","29 September 2022","Ongoing","Initial launch of the Road Line Feature Type."
"trn_fts_roadtrackorpath","1.0","Maintenance","29 September 2022","Ongoing","Initial launch of the Road Track Or Path Feature Type."
"trn_fts_roadtrackorpath","2.0","Maintenance","27 March 2024","Ongoing","Major version increment adding the Habitat Coverage cross-reference table."
"trn_fts_roadtrackorpath","3.0","End Of Life","25 September 2024","26 March 2025","Major version increment adding new Land Use attribution, NLUD attribution and a cross-reference table to Site."
"trn_fts_roadtrackorpath","3.1","End Of Life","27 March 2025","02 March 2026","Minor version increment. Update to Status attribute length from 10 to 20 to allow for 'Under Construction'."
"trn_fts_roadtrackorpath","3.2","Latest","03 March 2026","Ongoing","Minor version increment. Update to the OS Land Cover Tier A attribute to make it filterable in OS Select+Build."
"trn_fts_streetlight","1.0","Latest","27 March 2025","Ongoing","Initial launch of the Street Light Feature Type."
"trn_ntwk_buslane","1.0","Latest","25 September 2025","Ongoing","Initial launch of the Bus Lane Feature Type."
"trn_ntwk_connectinglink","1.0","End Of Life","29 September 2022","27 July 2025","Initial launch of the Connecting Link Feature Type."
"trn_ntwk_connectinglink","1.1","Latest","28 July 2025","Ongoing","Minor version increment that removes the query and download filters from the Description attribute as this attribute supports only a single value."
"trn_ntwk_connectingnode","1.0","End Of Life","29 September 2022","27 July 2025","Initial launch of the Connecting Node Feature Type."
"trn_ntwk_connectingnode","1.1","Latest","28 July 2025","Ongoing","Minor version increment that removes the query and download filters from the Description attribute as this attribute supports only a single value."
"trn_ntwk_cyclelane","1.0","Latest","25 September 2025","Ongoing","Initial launch of the Cycle Lane Feature Type."
"trn_ntwk_ferrylink","1.0","End Of Life","29 September 2022","27 July 2025","Initial launch of the Ferry Link Feature Type."
"trn_ntwk_ferrylink","1.1","Latest","28 July 2025","Ongoing","Minor version increment that removes the query and download filters from the Description attribute as this attribute supports only a single value."
"trn_ntwk_ferrynode","1.0","End Of Life","29 September 2022","27 July 2025","Initial launch of the Ferry Node Feature Type."
"trn_ntwk_ferrynode","1.1","Latest","28 July 2025","Ongoing","Minor version increment that removes the query and download filters from the Description attribute as this attribute supports only a single value."
"trn_ntwk_ferryterminal","1.0","End Of Life","29 September 2022","27 July 2025","Initial launch of the Ferry Terminal Feature Type."
"trn_ntwk_ferryterminal","1.1","Latest","28 July 2025","Ongoing","Minor version increment that removes the query and download filters from the Description attribute as this attribute supports only a single value."
"trn_ntwk_path","1.0","End Of Life","29 September 2022","27 July 2025","Initial launch of the Path Feature Type."
"trn_ntwk_path","1.1","Latest","28 July 2025","Ongoing","Minor version increment that removes the query and download filters from the Description attribute as this attribute supports only a single value."
"trn_ntwk_pathlink","1.0","Maintenance","29 September 2022","Ongoing","Initial launch of the Path Link Feature Type."
"trn_ntwk_pathlink","2.0","Maintenance","27 March 2025","Ongoing","Major version increment adding new Presence Of Street Light attribution."
"trn_ntwk_pathlink","3.0","Latest","25 September 2025","Ongoing","Major version increment adding new Presence Of Cycle Lane attribution. This also removes Cycle Facility attribution."
"trn_ntwk_pathnode","1.0","End Of Life","29 September 2022","27 July 2025","Initial launch of the Path Node Feature Type."
"trn_ntwk_pathnode","1.1","Latest","28 July 2025","Ongoing","Minor version increment that removes the query and download filters from the Description attribute as this attribute supports only a single value."
"trn_ntwk_pavementlink","1.0","Latest","27 September 2023","Ongoing","Initial launch of the Pavement Link Feature Type."
"trn_ntwk_railwaylink","1.0","Latest","27 September 2023","Ongoing","Initial launch of the Railway Link Feature Type."
"trn_ntwk_railwaylinkset","1.0","End Of Life","27 September 2023","27 July 2025","Initial launch of the Railway Link Set Feature Type."
"trn_ntwk_railwaylinkset","1.1","Latest","28 July 2025","Ongoing","Minor version increment that removes the query and download filters from the Description attribute as this attribute supports only a single value."
"trn_ntwk_railwaynode","1.0","Latest","27 September 2023","Ongoing","Initial launch of the Railway Node Feature Type."
"trn_ntwk_road","1.0","End Of Life","29 September 2022","27 July 2025","Initial launch of the Road Feature Type."
"trn_ntwk_road","1.1","Latest","28 July 2025","Ongoing","Minor version increment that removes the query and download filters from the Description attribute as this attribute supports only a single value."
"trn_ntwk_roadjunction","1.0","Latest","29 September 2022","Ongoing","Initial launch of the Road Junction Feature Type."
"trn_ntwk_roadlink","1.0","Maintenance","29 September 2022","Ongoing","Initial launch of the Road Link Feature Type."
"trn_ntwk_roadlink","2.0","Maintenance","27 September 2023","Ongoing","Major version increment adding new Presence Of Pavement attribution."
"trn_ntwk_roadlink","3.0","Maintenance","27 March 2024","Ongoing","Major version increment adding new Presence Of Tram attribution."
"trn_ntwk_roadlink","4.0","Maintenance","27 March 2025","Ongoing","Major version increment adding new Presence Of Street Light attribution."
"trn_ntwk_roadlink","5.0","Latest","25 September 2025","Ongoing","Major version increment adding new Presence Of Bus Lane and Presence of Cycle Lane attribution. This also removes Cycle Lane Facility attribution."
"trn_ntwk_roadnode","1.0","Latest","29 September 2022","Ongoing","Initial launch of the Road Node Feature Type."
"trn_ntwk_street","1.0","Latest","29 September 2022","Ongoing","Initial launch of the Street Feature Type."
"trn_ntwk_tramonroad","1.0","Latest","27 March 2024","Ongoing","Initial launch of the Tram On Road Feature Type."
"trn_rami_averageandindicativespeed","1.0","Latest","28 March 2023","Ongoing","Initial launch of the Average And Indicative Speed Feature Type."
"trn_rami_highwaydedication","1.0","Latest","29 September 2022","Ongoing","Initial launch of the Highway Dedication Feature Type."
"trn_rami_maintenancearea","1.0","Latest","29 September 2022","Ongoing","Initial launch of the Maintenance Area Feature Type."
"trn_rami_maintenanceline","1.0","Latest","29 September 2022","Ongoing","Initial launch of the Maintenance Line Feature Type."
"trn_rami_maintenancepoint","1.0","Latest","29 September 2022","Ongoing","Initial launch of the Maintenance Point Feature Type."
"trn_rami_reinstatementarea","1.0","Latest","29 September 2022","Ongoing","Initial launch of the Reinstatement Area Feature Type."
"trn_rami_reinstatementline","1.0","Latest","29 September 2022","Ongoing","Initial launch of the Reinstatement Line Feature Type."
"trn_rami_reinstatementpoint","1.0","Latest","29 September 2022","Ongoing","Initial launch of the Reinstatement Point Feature Type."
"trn_rami_restriction","1.0","Latest","29 September 2022","Ongoing","Initial launch of the Restriction Feature Type."
"trn_rami_routinghazard","1.0","Latest","29 September 2022","Ongoing","Initial launch of the Routing Hazard Feature Type."
"trn_rami_routingstructure","1.0","Latest","29 September 2022","Ongoing","Initial launch of the Routing Structure Feature Type."
"trn_rami_specialdesignationarea","1.0","Latest","29 September 2022","Ongoing","Initial launch of the Special Designation Area Feature Type."
"trn_rami_specialdesignationline","1.0","Latest","29 September 2022","Ongoing","Initial launch of the Special Designation Line Feature Type."
"trn_rami_specialdesignationpoint","1.0","Latest","29 September 2022","Ongoing","Initial launch of the Special Designation Point Feature Type."
"wtr_fts_intertidalline","1.0","Latest","29 September 2022","Ongoing","Initial launch of the Inter Tidal Line Feature Type."
"wtr_fts_riverbasindistrictcatchment","1.0","Latest","28 March 2023","Ongoing","Initial launch of the River Basin District Catchment Feature Type."
"wtr_fts_tidalboundary","1.0","Latest","29 September 2022","Ongoing","Initial launch of the Tidal Boundary Feature Type."
"wtr_fts_tidalboundarycontinuoushigh","1.0","Latest","25 September 2025","Ongoing","Initial launch of the Tidal Boundary Continuous High Feature Type."
"wtr_fts_tidalboundarycontinuouslow","1.0","Latest","25 September 2025","Ongoing","Initial launch of the Tidal Boundary Continuous Low Feature Type."
"wtr_fts_water","1.0","Maintenance","29 September 2022","Ongoing","Initial launch of the Water Feature Type."
"wtr_fts_water","2.0","Maintenance","27 March 2024","Ongoing","Major version increment adding the Habitat Coverage cross-reference table."
"wtr_fts_water","3.0","End Of Life","25 September 2024","26 March 2025","Major version increment adding new Land Use attribution, NLUD attribution and a cross-reference table to Site."
"wtr_fts_water","3.1","Latest","27 March 2025","Ongoing","Minor version increment. Update to Status attribute length from 10 to 20 to allow for 'Under Construction'."
"wtr_fts_waterbodycatchment","1.0","Latest","28 March 2023","Ongoing","Initial launch of the Water Body Catchment Feature Type."
"wtr_fts_waterpoint","1.0","Latest","29 September 2022","Ongoing","Initial launch of the Water Point Feature Type."
"wtr_ntwk_waterlink","1.0","Maintenance","29 September 2022","Ongoing","Initial launch of the Water Link Feature Type."
"wtr_ntwk_waterlink","2.0","Latest","31 October 2025","Ongoing","Major version increment adding new Width Average, Width Minimum, Width Maximum, Width Derivation Method, Width Evidence Date, Width Update Date, and Description Capture Method attribution."
"wtr_ntwk_waterlinkset","1.0","Latest","29 September 2022","Ongoing","Initial launch of the Water Link Set Feature Type."
"wtr_ntwk_waternode","1.0","End Of Life","29 September 2022","27 October 2025","Initial launch of the Water Node Feature Type."
"wtr_ntwk_waternode","1.1","Latest","28 October 2025","Ongoing","Minor version increment that adds Tidal Outlet to the Water Node Description Value Code List and increases the Description attribute's max length from 8 to 12."